slug,cmp,market_cap_cr,pe_x,pb_x,ev_ebitda_x,as_of
acme-solar,439,31042,52.1,5.26,24.75,2026-09-30
adani-green,1278,211180,109,10.56,26.87,2026-09-30
advait-energy,1902,2076,36,7.49,22.85,2026-09-30
alpex-solar,847,2164,10.8,3.85,8.16,2026-09-30
australian-premium-solar,227,458,7.89,2.79,5.29,2026-09-30
bf-utilities,508,1908,12.5,9.5,4.59,2026-09-30
bondada-engineering,315,3513,17.3,5.06,,2026-03-31
borosil-renewables,458,6757,18.2,4.24,13.73,2026-09-30
cesc,134,17759,11.4,1.42,11.34,2026-09-30
danish-power,967,1904,27.6,4.13,20.72,2026-09-30
emmvee-photovoltaic,316,21885,17.2,5.92,11.51,2026-09-30
ganesh-green-bharat,223,552,7.35,1.97,5.44,2026-09-30
gensol-engineering,14.4,54.6,0.53,0.09,4.32,2026-09-30
gre-renew,231,330,27.3,4.8,20.75,2026-09-30
ind-renewable,11.8,16.4,,0.66,,2026-03-31
indowind-energy,8.69,140,,0.45,12.13,2026-09-30
inox-green,161,6471,52.8,3.79,273.29,2026-09-30
inox-wind,69.5,11930,34.6,1.88,15.7,2026-09-30
insolation-energy,87.5,1921,9.86,2.39,9.27,2026-09-30
jsw-energy,495,91276,45.5,2.83,16.58,2026-09-30
k2-infragen,42.1,53.1,4,0.59,6.87,2026-09-30
karma-energy,37.4,44.4,,1.43,7.66,2026-09-30
kaycee-energy,82.5,101,5.37,0.98,5.5,2026-09-30
kp-energy,220,1496,8.22,2.84,5.85,2026-09-30
kp-green-engineering,298,1488,11,3.26,7.5,2026-09-30
kpi-green,359,7095,15.6,2.33,12.32,2026-09-30
madhav-infra,7.31,196,7.49,0.82,6.33,2026-09-30
nhpc,72.8,72959,19.2,1.77,23.97,2026-09-30
nlc-india,262,36331,11.3,1.69,10.72,2026-09-30
ntpc,323,312525,11.3,1.54,11.2,2026-09-30
ntpc-green,93.4,78694,130,4.15,39.04,2026-09-30
onix-solar,343,1262,27.9,1.63,28.06,2026-09-30
oriana-power,315,3198,12.7,4.19,9.29,2026-09-30
orient-green-power,8.83,1035,19.3,0.9,8.76,2026-09-30
oswal-pumps,267,3042,9.04,1.8,7.34,2026-09-30
premier-energies,870,39318,23.6,9.15,16.92,2026-09-30
rajesh-power,748,1347,9.39,3.31,7.48,2026-09-30
ravindra-energy,150,2971,49.8,7.25,25.03,2026-09-30
refex-renewables,312,140,,-1.7,,2026-03-31
renew-energy,6.1,15600,15,,,2026-03-31
saatvik-green,414,5251,21.1,3.87,15.44,2026-09-30
sahaj-solar,89,196,6.61,1.41,7.15,2026-09-30
servotech-power,70.2,1587,42.4,5.48,23.35,2026-09-30
shakti-pumps,461,5692,26.8,3.34,17.17,2026-09-30
sjvn,59.3,23261,36.4,1.64,16.37,2026-09-30
solarium-green,127,265,15.6,1.63,13.61,2026-09-30
solarworld-energy,129,1114,9.51,1.32,9.19,2026-09-30
solex-energy,679,734,9.2,2.9,6.24,2026-09-30
sterling-wilson-re,171,3998,12.8,6.15,17.59,2026-09-30
sungarner-energies,313,72.7,19,4.82,12.17,2026-09-30
surana-solar,24.9,121,,2.18,268.89,2026-09-30
suzlon-energy,39.5,53849,17.1,5.68,18.02,2026-09-30
swelect-energy,598,909,21.1,0.98,12.37,2026-09-30
tata-power,359,115033,29.4,2.9,14.92,2026-09-30
torrent-power,1246,62725,27,3.29,13.71,2026-09-30
ujaas-energy,185,2470,149,108.19,63.61,2026-09-30
urja-global,8.77,505,356,2.86,249.63,2026-09-30
vikram-solar,160,5800,16.1,1.83,8.02,2026-09-30
waa-solar,44.3,58.8,128,0.32,15.3,2026-09-30
waaree-energies,2374,67872,16.9,4.73,11.19,2026-09-30
waaree-renewable,820,8574,16.9,9.16,12.51,2026-09-30
websol-energy,70.6,3062,9.75,4.87,7.08,2026-09-30
xl-energy,0.25,0.57,,,,2026-03-31
zodiac-energy,216,326,12.8,2.79,9.18,2026-09-30
